,Headline,Post Time,Link
0,"Deutsche Bank upgrades UPS, says macro concerns are now fully priced in",24 Min Ago,https://www.cnbc.com/2022/11/29/deutsche-bank-upgrades-ups-says-macro-concerns-are-now-fully-priced-into-the-stock.html
1,"South Africa's economy at a pivotal point as outlook improves but political, energy risks remain",1 Hour Ago,https://www.cnbc.com/2022/11/29/south-africas-economy-at-a-pivotal-point-as-outlook-improves-but-political-energy-risks-remain.html
2,Treasury yields slip as investors assess impact of Chinaâs Covid policy,1 Hour Ago,https://www.cnbc.com/2022/11/29/treasury-yields-as-investors-assess-impact-of-chinas-covid-policy.html
3,"'Golden era' for Britain and Chinaâs relationship is over, UK PM Sunak says",2 Hours Ago,https://www.cnbc.com/2022/11/29/uk-pm-rishi-sunak-says-the-golden-era-for-britain-and-china-is-over.html
4,U.S. could give Ukraine energy help as country freezes; rumors of further Russian mobilization grow ,3 Hours Ago,https://www.cnbc.com/2022/11/29/russia-ukraine-live-updates.html
5,"China touts Covid vaccination progress, encourages booster shots for seniors",3 Hours Ago,https://www.cnbc.com/2022/11/29/china-says-covid-vaccination-rates-for-seniors-has-climbed-over-the-last-two-weeks.html
6,ComfortDelGro partners with Gojek to tackle driver shortage in Singapore,5 Hours Ago,https://www.cnbc.com/2022/11/29/comfortdelgro-partners-with-gojek-to-tackle-driver-shortage-in-singapore.html
7,European markets choppy as China's Covid policy takes center stage,6 Hours Ago,https://www.cnbc.com/2022/11/29/european-markets-watch-for-changes-in-chinas-covid-policy.html
8,"Big Tech is set for a comeback, asset manager says, naming 2 stocks to buy",6 Hours Ago,https://www.cnbc.com/2022/11/29/market-pro-says-big-tech-is-set-for-a-comeback-and-names-2-stocks-he-owns-.html
9,China's Covid infections drop for the first time in more than a week,7 Hours Ago,https://www.cnbc.com/2022/11/29/chinas-covid-infections-drop-for-the-first-time-in-more-than-a-week.html
10,Hoping to beat the tourist crowd on your trip to Japan? That ship has sailed,8 Hours Ago,https://www.cnbc.com/2022/11/29/domestic-and-international-tourist-crowds-traveling-in-japan.html
11,Asset manager names 9 'cheap' stocks to buy as recession fears grow,10 Hours Ago,https://www.cnbc.com/2022/11/29/asset-manager-names-9-cheap-stocks-to-buy-as-recession-fears-grow.html
12,Goldman Sachs names the global automakers exposed to a China slowdown,10 Hours Ago,https://www.cnbc.com/2022/11/29/goldman-sachs-names-the-global-automakers-exposed-to-a-china-slowdown.html
13,Cramer's lightning round: Enphase Energy is a buy,11 Hours Ago,https://www.cnbc.com/2022/11/28/cramers-lightning-round-enphase-energy-is-a-buy.html
14,Cramer says 5 factors could help the Dow keep beating the other major indexes,11 Hours Ago,https://www.cnbc.com/2022/11/28/cramer-says-these-5-factors-could-help-the-dow-keep-beating-the-other-major-indexes.html
15,China encourages elderly vaccination; Hong Kong closes 5% higher,11 Hours Ago,https://www.cnbc.com/2022/11/29/asia-markets-china-covid-stocks-japan-unemployment-retail-sales.html
16,Cramerâs week ahead: Strong labor report could bring bigger Fed rate hikes,12 Hours Ago,https://www.cnbc.com/2022/11/28/cramers-week-ahead-strong-labor-report-could-bring-bigger-fed-hikes.html
17,Stock futures rise after major averages slide on Covid unrest in China,12 Hours Ago,https://www.cnbc.com/2022/11/28/stock-market-futures-open-to-close-news.html
18,Flu hospitalizations increase nearly 30% as U.S. enters holiday season,12 Hours Ago,https://www.cnbc.com/2022/11/28/flu-hospitalizations-increase-nearly-30percent-as-us-enters-holiday-season.html
19,Cathie Wood expects a U.S. recession in '23 that could boost her fund,13 Hours Ago,https://www.cnbc.com/2022/11/28/cathie-wood-expects-a-us-recession-in-2023-that-could-help-her-funds-performance-.html
20,Pro Picks: Watch all of Monday's big stock calls on CNBC,13 Hours Ago,https://www.cnbc.com/2022/11/28/pro-picks-watch-all-of-mondays-big-stock-calls-on-cnbc.html
21,Here's what Black Friday sales tell us about the retail sector â and our top pick,13 Hours Ago,https://www.cnbc.com/2022/11/28/heres-what-black-friday-sales-tell-us-about-the-retail-sector-and-our-top-pick.html
22,"How FTX 'death spiral' spelled doom for BlockFi, according to bankruptcy filing",14 Hours Ago,https://www.cnbc.com/2022/11/28/how-ftx-death-spiral-spelled-doom-for-blockfi-according-to-filing.html
23,"Disney CEO Bob Iger addresses 'Don't Say Gay' fallout, importance of LGBTQ inclusion",14 Hours Ago,https://www.cnbc.com/2022/11/28/disney-ceo-bob-iger-talks-dont-say-gay-lgbtq-inclusion-at-town-hall.html
24,Bob Iger's fast start back as Disney's CEO is welcome news to shareholders,14 Hours Ago,https://www.cnbc.com/2022/11/28/bob-igers-fast-start-back-as-disneys-ceo-is-welcome-news-to-shareholders-like-us.html
25,U.S. warns California cities of possible water cuts and fourth year of drought,14 Hours Ago,https://www.cnbc.com/2022/11/28/us-warns-california-cities-possible-water-cuts-in-fourth-dry-year.html
26,Elon Musk claims Apple has threatened to remove the Twitter app ,15 Hours Ago,https://www.cnbc.com/2022/11/28/elon-musk-claims-apple-has-threatened-to-remove-the-twitter-app-.html
27,"U.S. criticizes China's zero Covid strategy, says it needs to boost vaccination",15 Hours Ago,https://www.cnbc.com/2022/11/28/china-zero-covid-us-criticizes-beijing-supports-right-to-protest.html
28,Crude oil prices erased most of their gains for the year and could head lower,15 Hours Ago,https://www.cnbc.com/2022/11/28/crude-oil-prices-erased-most-of-their-2022-gains-and-could-head-lower.html
29,How we're thinking about our Club stock exposure to China after Covid protests,15 Hours Ago,https://www.cnbc.com/2022/11/28/how-were-thinking-about-our-club-stock-exposure-to-china-following-covid-protests.html
